<?xml version="1.0"?>
<!DOCTYPE service-builder PUBLIC "-//Liferay//DTD Service Builder 7.3.0//EN" "http://www.liferay.com/dtd/liferay-service-builder_7_3_0.dtd">

<service-builder dependency-injector="ds" package-path="com.liferay.service.registration">

	<namespace>RegistrationForm</namespace>
	
    <entity name="RegistrationForm" local-service="true" remote-service="true" table="registrationform">
        <column name="regId" primary="true" type="long" id-type="increment"></column>
        <column name="first_name" type="String"></column>
        <column name="last_name" type="String"></column>
        <column name="email_address" type="String"></column>
        <column name="username" type="String"></column>
        <column name="gender" type="String"></column>
        <column name="birthday" type="String"></column>
        <column name="password1" type="String"></column>
        <column name="password2" type="String"></column>
        <column name="home_phone" type="String"></column>
        <column name="mobile_phone" type="String"></column>
        <column name="address1" type="String"></column>
        <column name="address2" type="String"></column>
        <column name="city" type="String"></column>
        <column name="state" type="String"></column>
        <column name="zip" type="String"></column>
        <column name="security_question" type="String"></column>
        <column name="security_answer" type="String"></column>
    </entity>
</service-builder>