<?xml version="1.0"?>

<model-hints>
	<model name="com.liferay.service.registration.model.RegistrationForm">
		<field name="regId" type="long" />
		<field name="first_name" type="String" />
		<field name="last_name" type="String" />
		<field name="email_address" type="String" />
		<field name="username" type="String" />
		<field name="gender" type="String" />
		<field name="birthday" type="String" />
		<field name="password1" type="String" />
		<field name="password2" type="String" />
		<field name="home_phone" type="String" />
		<field name="mobile_phone" type="String" />
		<field name="address1" type="String" />
		<field name="address2" type="String" />
		<field name="city" type="String" />
		<field name="state" type="String" />
		<field name="zip" type="String" />
		<field name="security_question" type="String" />
		<field name="security_answer" type="String" />
	</model>
</model-hints>